1,4,,
21,Whitney,whitney@whitney.com,1
22,Faris,faris@faris.com,2
23,Cade,cade@cade.com,1
24,Penny,penny@penny.com,2
25,Ruqayyah,ruqayyah@ruqayyah.com,1
26,Aine,aine@aine.com,2
27,Melanie,melanie@melanie.com,1
28,Willow,willow@willow.com,2
29,Roosevelt,roosevelt@roosevelt.com,1
30,Zachery,zachery@zachery.com,2
